{
  "gamma_start": 0,
  "gamma_end": 6.283185307179586,
  "beta_start": 0,
  "beta_end": 1.5707963267948966
}
